SNP	chr	pos	effect_allele	other_allele	eaf	beta	se	pval	samplesize	F_stat	phenotype	source	build	HLA_region	sentinel_rank	ALPS_lowering_allele	ALPS_lowering_beta	window_start	window_end
rs3769136	2	27168743	C	T	0.365043	0.0571835	0.00798746	8.3001e-13	30669	51.25356449570931	left_ALPS	Figshare_25515331	GRCh37	False	1	T	-0.0571835	26668743	27668743
rs2533872	7	2883004	C	G	0.29657	-0.0587889	0.00850506	4.8651e-12	30497	47.77887337316647	left_ALPS	Figshare_25515331	GRCh37	False	2	C	-0.0587889	2383004	3383004
rs2702721	11	19499060	G	A	0.44474	-0.0507169	0.00772621	5.31196e-11	30827	43.0895921767318	left_ALPS	Figshare_25515331	GRCh37	False	3	G	-0.0507169	18999060	19999060
rs12146713	12	106476805	C	T	0.0956932	-0.0780454	0.0130064	1.98866e-09	31021	36.006458648617304	left_ALPS	Figshare_25515331	GRCh37	False	4	C	-0.0780454	105976805	106976805
rs4894643	3	170981057	A	G	0.252846	0.0504408	0.00885992	1.2585e-08	30924	32.411888105482596	left_ALPS	Figshare_25515331	GRCh37	False	5	G	-0.0504408	170481057	171481057
rs4843555	16	87231160	T	C	0.417165	0.0440669	0.00779075	1.5604e-08	30784	31.993846979876132	left_ALPS	Figshare_25515331	GRCh37	False	6	C	-0.0440669	86731160	87731160
rs4820303	22	38134166	A	G	0.287785	-0.0478201	0.00847333	1.67989e-08	30938	31.850240690853425	left_ALPS	Figshare_25515331	GRCh37	False	7	A	-0.0478201	37634166	38634166
rs3769136	2	27168743	C	T	0.365043	0.0641747	0.00796623	8.17781e-16	30669	64.89661011777329	mALPS	Figshare_25515331	GRCh37	False	1	T	-0.0641747	26668743	27668743
rs2533872	7	2883004	C	G	0.29657	-0.0621807	0.00848584	2.40137e-13	30497	53.6934779329413	mALPS	Figshare_25515331	GRCh37	False	2	C	-0.0621807	2383004	3383004
rs12146713	12	106476805	C	T	0.0956932	-0.0909053	0.0129734	2.48373e-12	31021	49.098790243089326	mALPS	Figshare_25515331	GRCh37	False	3	C	-0.0909053	105976805	106976805
rs2702723	11	19498582	T	A	0.444715	-0.0514081	0.00770746	2.6028e-11	30813	44.4877608008616	mALPS	Figshare_25515331	GRCh37	False	4	T	-0.0514081	18998582	19998582
rs4843555	16	87231160	T	C	0.417165	0.0497708	0.00777153	1.53285e-10	30784	41.01438344763466	mALPS	Figshare_25515331	GRCh37	False	5	C	-0.0497708	86731160	87731160
rs4239889	22	38140352	G	T	0.28763	-0.0489939	0.00844949	6.75823e-09	30986	33.62196024145162	mALPS	Figshare_25515331	GRCh37	False	6	G	-0.0489939	37640352	38640352
rs4664951	2	151962991	A	C	0.47502	0.0429331	0.00768955	2.37961e-08	31005	31.173290420579136	mALPS	Figshare_25515331	GRCh37	False	7	C	-0.0429331	151462991	152462991
rs6012259	20	46374885	G	C	0.206117	-0.0531746	0.00955739	2.66301e-08	30507	30.954931465965274	mALPS	Figshare_25515331	GRCh37	False	8	G	-0.0531746	45874885	46874885
rs7225002	17	44189067	G	A	0.414617	-0.0431977	0.00777803	2.81806e-08	30855	30.84480438177903	mALPS	Figshare_25515331	GRCh37	False	9	G	-0.0431977	43689067	44689067
rs3783324	14	100350017	C	T	0.178105	-0.0552627	0.0099647	2.94921e-08	31021	30.756417165449417	mALPS	Figshare_25515331	GRCh37	False	10	C	-0.0552627	99850017	100850017
rs10817103	9	113649502	T	C	0.111917	0.0672298	0.0122414	4.00547e-08	30469	30.162091995235805	mALPS	Figshare_25515331	GRCh37	False	11	C	-0.0672298	113149502	114149502
rs174538	11	61560081	A	G	0.319525	-0.0448453	0.00820906	4.71998e-08	31021	29.843311182255764	mALPS	Figshare_25515331	GRCh37	False	12	A	-0.0448453	61060081	62060081
rs3769136	2	27168743	C	T	0.365043	0.0654036	0.00801121	3.36374e-16	30669	66.65106223113246	right_ALPS	Figshare_25515331	GRCh37	False	1	T	-0.0654036	26668743	27668743
rs12146713	12	106476805	C	T	0.0956932	-0.0955541	0.0130492	2.49099e-13	31021	53.6205022743669	right_ALPS	Figshare_25515331	GRCh37	False	2	C	-0.0955541	105976805	106976805
rs2644291	7	2890456	C	T	0.29447	-0.0602213	0.00853053	1.70659e-12	30599	49.83657908725859	right_ALPS	Figshare_25515331	GRCh37	False	3	C	-0.0602213	2390456	3390456
rs4843550	16	87236383	G	C	0.432086	0.0512519	0.00778616	4.70284e-11	30649	43.32846388725347	right_ALPS	Figshare_25515331	GRCh37	False	4	C	-0.0512519	86736383	87736383
rs6012259	20	46374885	G	C	0.206117	-0.0596537	0.0096134	5.53053e-10	30507	38.50532075467494	right_ALPS	Figshare_25515331	GRCh37	False	5	G	-0.0596537	45874885	46874885
rs2702723	11	19498582	T	A	0.444715	-0.0480167	0.00775372	5.98754e-10	30813	38.349913709287435	right_ALPS	Figshare_25515331	GRCh37	False	6	T	-0.0480167	18998582	19998582
rs7225002	17	44189067	G	A	0.414617	-0.0462525	0.00782535	3.44452e-09	30855	34.93517164928061	right_ALPS	Figshare_25515331	GRCh37	False	7	G	-0.0462525	43689067	44689067
rs61067594	3	190650833	A	G	0.390774	0.0466471	0.00795876	4.6454e-09	30478	34.35251053681701	right_ALPS	Figshare_25515331	GRCh37	False	8	G	-0.0466471	190150833	191150833
rs3783324	14	100350017	C	T	0.178105	-0.0565918	0.0100234	1.6571e-08	31021	31.87695955619725	right_ALPS	Figshare_25515331	GRCh37	False	9	C	-0.0565918	99850017	100850017
rs1894526	22	38186402	G	A	0.300187	-0.0458731	0.00840502	4.85707e-08	30989	29.787817001282267	right_ALPS	Figshare_25515331	GRCh37	False	10	G	-0.0458731	37686402	38686402
