gene,phenotype,P,neglog10p
C16orf95,Mean ALPS,0.0077042,2.11327245151061
FBXO31,Mean ALPS,0.054743,1.2616714062729
MAP1LC3B,Mean ALPS,0.1053,0.977571628814513
ZCCHC14,Mean ALPS,0.089819,1.04663178446479
JPH3,Mean ALPS,0.12647,0.898012481441701
KLHDC4,Mean ALPS,0.60332,0.219452277624639
C16orf95,Left ALPS,0.021679,1.66396075462896
FBXO31,Left ALPS,0.061285,1.21264580956628
MAP1LC3B,Left ALPS,0.065642,1.18281819520378
ZCCHC14,Left ALPS,0.05622,1.25010915872858
JPH3,Left ALPS,0.083589,1.07785087033156
KLHDC4,Left ALPS,0.66283,0.17859784343374
C16orf95,Right ALPS,0.0062643,2.20312745190402
FBXO31,Right ALPS,0.076713,1.11513103305416
MAP1LC3B,Right ALPS,0.23215,0.634231311997807
ZCCHC14,Right ALPS,0.2039,0.69058277422186
JPH3,Right ALPS,0.29842,0.525172073965559
KLHDC4,Right ALPS,0.44183,0.354744799120714
