exposure,outcome,id.exposure,id.outcome,samplesize,SNP,b,se,p,ci_lower,ci_upper,direction
Mean DTI-ALPS index,WMH burden (Traylor 2016 non-UKB),mALPS_Figshare_25515331,Traylor2016_WMH_nonUKB,3670,rs3769136,-0.488610305171861,0.169551430459419,0.00395432881272449,-0.82092500239957,-0.156295607944153,negative
Mean DTI-ALPS index,WMH burden (Traylor 2016 non-UKB),mALPS_Figshare_25515331,Traylor2016_WMH_nonUKB,3670,rs2527677,-0.442915362075001,0.165834752030092,0.00756654089097947,-0.767945503439112,-0.117885220710889,negative
Mean DTI-ALPS index,WMH burden (Traylor 2016 non-UKB),mALPS_Figshare_25515331,Traylor2016_WMH_nonUKB,3670,rs12146713,-0.505733014766661,0.163439557069303,0.00197269783397341,-0.826068660271673,-0.18539736926165,negative
Mean DTI-ALPS index,WMH burden (Traylor 2016 non-UKB),mALPS_Figshare_25515331,Traylor2016_WMH_nonUKB,3670,rs2632030,-0.500687688144,0.164398301043357,0.00232234287768621,-0.822902437308553,-0.178472938979447,negative
Mean DTI-ALPS index,WMH burden (Traylor 2016 non-UKB),mALPS_Figshare_25515331,Traylor2016_WMH_nonUKB,3670,rs4843555,-0.465920988855016,0.163256439957677,0.00431832629388789,-0.785897731416288,-0.145944246293744,negative
Mean DTI-ALPS index,WMH burden (Traylor 2016 non-UKB),mALPS_Figshare_25515331,Traylor2016_WMH_nonUKB,3670,rs4239889,-0.464155117881547,0.162637339308228,0.00431824326996574,-0.782918445467093,-0.145391790296001,negative
Mean DTI-ALPS index,WMH burden (Traylor 2016 non-UKB),mALPS_Figshare_25515331,Traylor2016_WMH_nonUKB,3670,rs4664951,-0.53581467187654,0.16156623094399,0.000911924377362042,-0.852478665644641,-0.219150678108439,negative
Mean DTI-ALPS index,WMH burden (Traylor 2016 non-UKB),mALPS_Figshare_25515331,Traylor2016_WMH_nonUKB,3670,rs3783324,-0.464965145125991,0.160940206618825,0.00386401204684503,-0.780402153763323,-0.149528136488658,negative
Mean DTI-ALPS index,WMH burden (Traylor 2016 non-UKB),mALPS_Figshare_25515331,Traylor2016_WMH_nonUKB,3670,rs10817103,-0.38927054998823,0.161490067292736,0.0159310113182805,-0.705785265742942,-0.072755834233519,negative
Mean DTI-ALPS index,WMH burden (Traylor 2016 non-UKB),mALPS_Figshare_25515331,Traylor2016_WMH_nonUKB,3670,rs174538,-0.44164257666692,0.16085463852047,0.0060400263731395,-0.75691187491325,-0.12637327842059,negative
Mean DTI-ALPS index,WMH burden (Traylor 2016 non-UKB),mALPS_Figshare_25515331,Traylor2016_WMH_nonUKB,3670,All,-0.469725204244321,0.154956773516583,0.00243478525318028,-0.773434899497353,-0.166015508991289,negative
