exposure,outcome,id.exposure,id.outcome,samplesize,SNP,b,se,p
Mean DTI-ALPS index,WMH burden (Traylor 2016 non-UKB),mALPS_Figshare_25515331,Traylor2016_WMH_nonUKB,3670,rs3769136,-0.37397915377867,0.381770386149059,0.327287636085746
Mean DTI-ALPS index,WMH burden (Traylor 2016 non-UKB),mALPS_Figshare_25515331,Traylor2016_WMH_nonUKB,3670,rs2527677,-0.65420308621992,0.435011330527679,0.132613305663714
Mean DTI-ALPS index,WMH burden (Traylor 2016 non-UKB),mALPS_Figshare_25515331,Traylor2016_WMH_nonUKB,3670,rs12146713,-0.149606238580149,0.487320321257396,0.758845090408093
Mean DTI-ALPS index,WMH burden (Traylor 2016 non-UKB),mALPS_Figshare_25515331,Traylor2016_WMH_nonUKB,3670,rs2632030,-0.223154861643986,0.463927212365128,0.630507502249952
Mean DTI-ALPS index,WMH burden (Traylor 2016 non-UKB),mALPS_Figshare_25515331,Traylor2016_WMH_nonUKB,3670,rs4843555,-0.504311765131362,0.492256503813481,0.305603988072513
Mean DTI-ALPS index,WMH burden (Traylor 2016 non-UKB),mALPS_Figshare_25515331,Traylor2016_WMH_nonUKB,3670,rs4239889,-0.524555097675425,0.510267604742631,0.303949827690475
Mean DTI-ALPS index,WMH burden (Traylor 2016 non-UKB),mALPS_Figshare_25515331,Traylor2016_WMH_nonUKB,3670,rs4664951,0.288821445458166,0.547363223247331,0.597735636114667
Mean DTI-ALPS index,WMH burden (Traylor 2016 non-UKB),mALPS_Figshare_25515331,Traylor2016_WMH_nonUKB,3670,rs3783324,-0.530194869233679,0.573623800501966,0.355335232906758
Mean DTI-ALPS index,WMH burden (Traylor 2016 non-UKB),mALPS_Figshare_25515331,Traylor2016_WMH_nonUKB,3670,rs10817103,-1.40413923587457,0.550351183552532,0.0107306087887113
Mean DTI-ALPS index,WMH burden (Traylor 2016 non-UKB),mALPS_Figshare_25515331,Traylor2016_WMH_nonUKB,3670,rs174538,-0.831748254555104,0.577541013216547,0.149823709729375
Mean DTI-ALPS index,WMH burden (Traylor 2016 non-UKB),mALPS_Figshare_25515331,Traylor2016_WMH_nonUKB,3670,All - Inverse variance weighted,-0.469725204244321,0.154956773516583,0.00243478525318028
