SNP,r2_exposure,r2_outcome,correct_per_SNP
rs3769136,0.00190917628110293,0.000267018172589952,TRUE
rs2527677,0.0014783735071334,0.000632716774322775,TRUE
rs12146713,0.00143022800860958,3.20114013643733e-05,TRUE
rs2632030,0.00128864447480634,6.41720364665213e-05,TRUE
rs4843555,0.00120457189672556,0.000306359199863756,TRUE
rs4239889,0.000983679954870588,0.000270667458695438,TRUE
rs4664951,0.000919325158988038,7.6688107396992e-05,TRUE
rs3783324,0.000894101132839232,0.000251337728937896,TRUE
rs10817103,0.000898469318393443,0.00177142839178952,FALSE
rs174538,0.000874542421617498,0.000605012959000387,TRUE
