locus_id	CHR	start	end	lead_SNP	lead_position	lead_P	lead_phenotype	phenotype_count	phenotypes	sentinel_count
ALPS_L02_001	2	26668743	27668743	rs3769136	27168743	3.36374e-16	right_ALPS	3	left_ALPS;mALPS;right_ALPS	3
ALPS_L02_002	2	151462991	152462991	rs4664951	151962991	2.37961e-08	mALPS	1	mALPS	1
ALPS_L03_003	3	170481057	171481057	rs4894643	170981057	1.2585e-08	left_ALPS	1	left_ALPS	1
ALPS_L03_004	3	190150833	191150833	rs61067594	190650833	4.6454e-09	right_ALPS	1	right_ALPS	1
ALPS_L07_005	7	2383004	3390456	rs2533872	2883004	2.40137e-13	mALPS	3	left_ALPS;mALPS;right_ALPS	3
ALPS_L09_006	9	113149502	114149502	rs10817103	113649502	4.00547e-08	mALPS	1	mALPS	1
ALPS_L11_007	11	18998582	19999060	rs2702723	19498582	2.6028e-11	mALPS	3	left_ALPS;mALPS;right_ALPS	3
ALPS_L11_008	11	61060081	62060081	rs174538	61560081	4.71998e-08	mALPS	1	mALPS	1
ALPS_L12_009	12	105976805	106976805	rs12146713	106476805	2.49099e-13	right_ALPS	3	left_ALPS;mALPS;right_ALPS	3
ALPS_L14_010	14	99850017	100850017	rs3783324	100350017	1.6571e-08	right_ALPS	2	mALPS;right_ALPS	2
ALPS_L16_011	16	86731160	87736383	rs4843550	87236383	4.70284e-11	right_ALPS	3	left_ALPS;mALPS;right_ALPS	3
ALPS_L17_012	17	43689067	44689067	rs7225002	44189067	3.44452e-09	right_ALPS	2	mALPS;right_ALPS	2
ALPS_L20_013	20	45874885	46874885	rs6012259	46374885	5.53053e-10	right_ALPS	2	mALPS;right_ALPS	2
ALPS_L22_014	22	37634166	38686402	rs4239889	38140352	6.75823e-09	mALPS	3	left_ALPS;mALPS;right_ALPS	3
