locus_id	chr	start	end	phenotype	SNP	pos	pval	beta	effect_allele	other_allele	ALPS_lowering_allele
ALPS_L02_001	2	26668743	27668743	right_ALPS	rs3769136	27168743	3.36374e-16	0.0654036	C	T	T
ALPS_L02_001	2	26668743	27668743	mALPS	rs3769136	27168743	8.17781e-16	0.0641747	C	T	T
ALPS_L02_001	2	26668743	27668743	left_ALPS	rs3769136	27168743	8.3001e-13	0.0571835	C	T	T
ALPS_L02_002	2	151462991	152462991	mALPS	rs4664951	151962991	2.37961e-08	0.0429331	A	C	C
ALPS_L03_003	3	170481057	171481057	left_ALPS	rs4894643	170981057	1.2585e-08	0.0504408	A	G	G
ALPS_L03_004	3	190150833	191150833	right_ALPS	rs61067594	190650833	4.6454e-09	0.0466471	A	G	G
ALPS_L07_005	7	2383004	3383004	mALPS	rs2533872	2883004	2.40137e-13	-0.0621807	C	G	C
ALPS_L07_005	7	2390456	3390456	right_ALPS	rs2644291	2890456	1.70659e-12	-0.0602213	C	T	C
ALPS_L07_005	7	2383004	3383004	left_ALPS	rs2533872	2883004	4.8651e-12	-0.0587889	C	G	C
ALPS_L09_006	9	113149502	114149502	mALPS	rs10817103	113649502	4.00547e-08	0.0672298	T	C	C
ALPS_L11_007	11	18998582	19998582	mALPS	rs2702723	19498582	2.6028e-11	-0.0514081	T	A	T
ALPS_L11_007	11	18999060	19999060	left_ALPS	rs2702721	19499060	5.31196e-11	-0.0507169	G	A	G
ALPS_L11_007	11	18998582	19998582	right_ALPS	rs2702723	19498582	5.98754e-10	-0.0480167	T	A	T
ALPS_L11_008	11	61060081	62060081	mALPS	rs174538	61560081	4.71998e-08	-0.0448453	A	G	A
ALPS_L12_009	12	105976805	106976805	right_ALPS	rs12146713	106476805	2.49099e-13	-0.0955541	C	T	C
ALPS_L12_009	12	105976805	106976805	mALPS	rs12146713	106476805	2.48373e-12	-0.0909053	C	T	C
ALPS_L12_009	12	105976805	106976805	left_ALPS	rs12146713	106476805	1.98866e-09	-0.0780454	C	T	C
ALPS_L14_010	14	99850017	100850017	right_ALPS	rs3783324	100350017	1.6571e-08	-0.0565918	C	T	C
ALPS_L14_010	14	99850017	100850017	mALPS	rs3783324	100350017	2.94921e-08	-0.0552627	C	T	C
ALPS_L16_011	16	86736383	87736383	right_ALPS	rs4843550	87236383	4.70284e-11	0.0512519	G	C	C
ALPS_L16_011	16	86731160	87731160	mALPS	rs4843555	87231160	1.53285e-10	0.0497708	T	C	C
ALPS_L16_011	16	86731160	87731160	left_ALPS	rs4843555	87231160	1.5604e-08	0.0440669	T	C	C
ALPS_L17_012	17	43689067	44689067	right_ALPS	rs7225002	44189067	3.44452e-09	-0.0462525	G	A	G
ALPS_L17_012	17	43689067	44689067	mALPS	rs7225002	44189067	2.81806e-08	-0.0431977	G	A	G
ALPS_L20_013	20	45874885	46874885	right_ALPS	rs6012259	46374885	5.53053e-10	-0.0596537	G	C	G
ALPS_L20_013	20	45874885	46874885	mALPS	rs6012259	46374885	2.66301e-08	-0.0531746	G	C	G
ALPS_L22_014	22	37640352	38640352	mALPS	rs4239889	38140352	6.75823e-09	-0.0489939	G	T	G
ALPS_L22_014	22	37634166	38634166	left_ALPS	rs4820303	38134166	1.67989e-08	-0.0478201	A	G	A
ALPS_L22_014	22	37686402	38686402	right_ALPS	rs1894526	38186402	4.85707e-08	-0.0458731	G	A	G
