target_SNP	SNP	proxy_r2	proxy_used	CHR	BP	EA_exposure	OA_exposure	EAF_exposure	beta_exposure	se_exposure	p_exposure	N_exposure	F_exposure	EA_outcome_raw	OA_outcome_raw	beta_outcome_raw	beta_outcome_aligned	se_outcome	p_outcome	N_outcome	allele_relation	mr_keep
rs3769136	rs3769136	1.0	False	2	27168743	C	T	0.365043	0.0641747	0.00796623	8.17781e-16	30669	64.89661011777329	T	C	0.024	-0.024	0.0245	0.3273	3670	reverse	True
rs2533872	rs2527677	1.0	True	7	2882621	G	A	0.300359	-0.0593088	0.00839261	1.61925e-12	30918	49.9394999849939	A	G	-0.0388	0.0388	0.0258	0.1332	3670	reverse	True
rs12146713	rs12146713	1.0	False	12	106476805	C	T	0.0956932	-0.0909053	0.0129734	2.48373e-12	31021	49.098790243089326	T	C	-0.0136	0.0136	0.0443	0.7597	3670	reverse	True
rs2702723	rs2632030	1.0	True	11	19499168	T	C	0.444246	-0.0510856	0.00771044	3.51743e-11	30823	43.89738735833694	T	C	0.0114	0.0114	0.0237	0.6294	3670	direct	True
rs4843555	rs4843555	1.0	False	16	87231160	T	C	0.417165	0.0497708	0.00777153	1.53285e-10	30784	41.01438344763466	T	C	-0.0251	-0.0251	0.0245	0.3041	3670	direct	True
rs4239889	rs4239889	1.0	False	22	38140352	G	T	0.28763	-0.0489939	0.00844949	6.75823e-09	30986	33.62196024145162	T	G	-0.0257	0.0257	0.025	0.3034	3670	reverse	True
rs4664951	rs4664951	1.0	False	2	151962991	A	C	0.47502	0.0429331	0.00768955	2.37961e-08	31005	31.173290420579136	A	C	0.0124	0.0124	0.0235	0.5984	3670	direct	True
rs3783324	rs3783324	1.0	False	14	100350017	C	T	0.178105	-0.0552627	0.0099647	2.94921e-08	31021	30.756417165449417	T	C	-0.0293	0.0293	0.0317	0.3544	3670	reverse	True
rs10817103	rs10817103	1.0	False	9	113649502	T	C	0.111917	0.0672298	0.0122414	4.00547e-08	30469	30.162091995235805	T	C	-0.0944	-0.0944	0.037	0.01069	3670	direct	True
rs174538	rs174538	1.0	False	11	61560081	A	G	0.319525	-0.0448453	0.00820906	4.71998e-08	31021	29.843311182255764	A	G	0.0373	0.0373	0.0259	0.1498	3670	direct	True
