snpId,pos,snpIdUpper,variantId,geneSymbol,pValue,geneSymbolUpper,datasetId,tissueSiteDetailId,ontologyId,chromosome,gencodeId,nes
rs12921170,87193791,RS12921170,chr16_87193791_G_A_b38,RP11-899L11.1,1.69507e-07,RP11-899L11.1,gtex_v8,Nerve_Tibial,UBERON:0001323,chr16,ENSG00000261095.1,-0.277261
rs12921170,87193791,RS12921170,chr16_87193791_G_A_b38,RP11-899L11.3,1.25821e-10,RP11-899L11.3,gtex_v8,Testis,UBERON:0000473,chr16,ENSG00000261651.1,0.311717
rs4843555,87197554,RS4843555,chr16_87197554_T_C_b38,RP11-899L11.1,1.79445e-08,RP11-899L11.1,gtex_v8,Nerve_Tibial,UBERON:0001323,chr16,ENSG00000261095.1,-0.296222
rs4843555,87197554,RS4843555,chr16_87197554_T_C_b38,RP11-899L11.3,3.03334e-11,RP11-899L11.3,gtex_v8,Testis,UBERON:0000473,chr16,ENSG00000261651.1,0.316112
rs12149643,87197893,RS12149643,chr16_87197893_C_T_b38,RP11-899L11.1,1.79445e-08,RP11-899L11.1,gtex_v8,Nerve_Tibial,UBERON:0001323,chr16,ENSG00000261095.1,-0.296222
rs12149643,87197893,RS12149643,chr16_87197893_C_T_b38,RP11-899L11.3,3.03334e-11,RP11-899L11.3,gtex_v8,Testis,UBERON:0000473,chr16,ENSG00000261651.1,0.316112
rs12920553,87193440,RS12920553,chr16_87193440_G_T_b38,RP11-899L11.1,1.69507e-07,RP11-899L11.1,gtex_v8,Nerve_Tibial,UBERON:0001323,chr16,ENSG00000261095.1,-0.277261
rs12920553,87193440,RS12920553,chr16_87193440_G_T_b38,RP11-899L11.3,1.25821e-10,RP11-899L11.3,gtex_v8,Testis,UBERON:0000473,chr16,ENSG00000261651.1,0.311717
rs4843552,87199910,RS4843552,chr16_87199910_G_A_b38,RP11-899L11.1,3.30176e-08,RP11-899L11.1,gtex_v8,Nerve_Tibial,UBERON:0001323,chr16,ENSG00000261095.1,-0.292009
rs4843552,87199910,RS4843552,chr16_87199910_G_A_b38,RP11-899L11.3,5.53813e-11,RP11-899L11.3,gtex_v8,Testis,UBERON:0000473,chr16,ENSG00000261651.1,0.317828
rs9308343,87191251,RS9308343,chr16_87191251_G_A_b38,RP11-899L11.1,2.08839e-07,RP11-899L11.1,gtex_v8,Nerve_Tibial,UBERON:0001323,chr16,ENSG00000261095.1,-0.271955
rs9308343,87191251,RS9308343,chr16_87191251_G_A_b38,RP11-899L11.3,4.15899e-11,RP11-899L11.3,gtex_v8,Testis,UBERON:0000473,chr16,ENSG00000261651.1,0.318645
rs4240788,87202476,RS4240788,chr16_87202476_A_G_b38,RP11-899L11.3,6.18762e-10,RP11-899L11.3,gtex_v8,Testis,UBERON:0000473,chr16,ENSG00000261651.1,0.309355
rs9933149,87192600,RS9933149,chr16_87192600_T_C_b38,RP11-899L11.1,4.62308e-06,RP11-899L11.1,gtex_v8,Nerve_Tibial,UBERON:0001323,chr16,ENSG00000261095.1,-0.244307
rs9933149,87192600,RS9933149,chr16_87192600_T_C_b38,RP11-899L11.3,3.90826e-10,RP11-899L11.3,gtex_v8,Testis,UBERON:0000473,chr16,ENSG00000261651.1,0.299842
rs12711474,87201106,RS12711474,chr16_87201106_C_T_b38,RP11-899L11.3,7.16147e-11,RP11-899L11.3,gtex_v8,Testis,UBERON:0000473,chr16,ENSG00000261651.1,0.322371
rs8055080,87203491,RS8055080,chr16_87203491_C_A_b38,RP11-899L11.3,1.0473e-09,RP11-899L11.3,gtex_v8,Testis,UBERON:0000473,chr16,ENSG00000261651.1,0.300702
rs4240787,87202725,RS4240787,chr16_87202725_A_G_b38,RP11-899L11.3,1.12771e-11,RP11-899L11.3,gtex_v8,Testis,UBERON:0000473,chr16,ENSG00000261651.1,0.331635
rs9937293,87191495,RS9937293,chr16_87191495_G_A_b38,RP11-899L11.1,3.09107e-06,RP11-899L11.1,gtex_v8,Nerve_Tibial,UBERON:0001323,chr16,ENSG00000261095.1,-0.247802
rs9937293,87191495,RS9937293,chr16_87191495_G_A_b38,RP11-899L11.3,3.90826e-10,RP11-899L11.3,gtex_v8,Testis,UBERON:0000473,chr16,ENSG00000261651.1,0.299842
rs4843227,87191533,RS4843227,chr16_87191533_C_T_b38,RP11-899L11.1,3.09107e-06,RP11-899L11.1,gtex_v8,Nerve_Tibial,UBERON:0001323,chr16,ENSG00000261095.1,-0.247802
rs4843227,87191533,RS4843227,chr16_87191533_C_T_b38,RP11-899L11.3,3.90826e-10,RP11-899L11.3,gtex_v8,Testis,UBERON:0000473,chr16,ENSG00000261651.1,0.299842
rs4843560,87191537,RS4843560,chr16_87191537_A_G_b38,RP11-899L11.1,3.09107e-06,RP11-899L11.1,gtex_v8,Nerve_Tibial,UBERON:0001323,chr16,ENSG00000261095.1,-0.247802
rs4843560,87191537,RS4843560,chr16_87191537_A_G_b38,RP11-899L11.3,3.90826e-10,RP11-899L11.3,gtex_v8,Testis,UBERON:0000473,chr16,ENSG00000261651.1,0.299842
rs4843226,87191658,RS4843226,chr16_87191658_C_T_b38,RP11-899L11.1,4.62308e-06,RP11-899L11.1,gtex_v8,Nerve_Tibial,UBERON:0001323,chr16,ENSG00000261095.1,-0.244307
rs4843226,87191658,RS4843226,chr16_87191658_C_T_b38,RP11-899L11.3,4.04416e-10,RP11-899L11.3,gtex_v8,Testis,UBERON:0000473,chr16,ENSG00000261651.1,0.298569
rs9308341,87191036,RS9308341,chr16_87191036_G_A_b38,RP11-899L11.1,3.09107e-06,RP11-899L11.1,gtex_v8,Nerve_Tibial,UBERON:0001323,chr16,ENSG00000261095.1,-0.247802
rs9308341,87191036,RS9308341,chr16_87191036_G_A_b38,RP11-899L11.3,3.90826e-10,RP11-899L11.3,gtex_v8,Testis,UBERON:0000473,chr16,ENSG00000261651.1,0.299842
rs56023709,87195738,RS56023709,chr16_87195738_A_C_b38,RP11-899L11.1,2.60264e-06,RP11-899L11.1,gtex_v8,Nerve_Tibial,UBERON:0001323,chr16,ENSG00000261095.1,-0.248737
rs56023709,87195738,RS56023709,chr16_87195738_A_C_b38,RP11-899L11.3,7.01832e-10,RP11-899L11.3,gtex_v8,Testis,UBERON:0000473,chr16,ENSG00000261651.1,0.295337
rs12711473,87190687,RS12711473,chr16_87190687_A_G_b38,RP11-899L11.1,2.84325e-06,RP11-899L11.1,gtex_v8,Nerve_Tibial,UBERON:0001323,chr16,ENSG00000261095.1,-0.249028
rs12711473,87190687,RS12711473,chr16_87190687_A_G_b38,RP11-899L11.3,3.40277e-10,RP11-899L11.3,gtex_v8,Testis,UBERON:0000473,chr16,ENSG00000261651.1,0.299352
rs4843559,87191825,RS4843559,chr16_87191825_G_A_b38,RP11-899L11.1,4.62308e-06,RP11-899L11.1,gtex_v8,Nerve_Tibial,UBERON:0001323,chr16,ENSG00000261095.1,-0.244307
rs4843559,87191825,RS4843559,chr16_87191825_G_A_b38,RP11-899L11.3,3.90826e-10,RP11-899L11.3,gtex_v8,Testis,UBERON:0000473,chr16,ENSG00000261651.1,0.299842
rs4843558,87191867,RS4843558,chr16_87191867_G_A_b38,RP11-899L11.1,4.62308e-06,RP11-899L11.1,gtex_v8,Nerve_Tibial,UBERON:0001323,chr16,ENSG00000261095.1,-0.244307
rs4843558,87191867,RS4843558,chr16_87191867_G_A_b38,RP11-899L11.3,3.90826e-10,RP11-899L11.3,gtex_v8,Testis,UBERON:0000473,chr16,ENSG00000261651.1,0.299842
rs12711472,87190526,RS12711472,chr16_87190526_A_C_b38,RP11-899L11.1,1.05887e-06,RP11-899L11.1,gtex_v8,Nerve_Tibial,UBERON:0001323,chr16,ENSG00000261095.1,-0.260464
rs12711472,87190526,RS12711472,chr16_87190526_A_C_b38,RP11-899L11.3,9.50851e-11,RP11-899L11.3,gtex_v8,Testis,UBERON:0000473,chr16,ENSG00000261651.1,0.31304
rs4843549,87204257,RS4843549,chr16_87204257_G_A_b38,RP11-899L11.1,1.61793e-05,RP11-899L11.1,gtex_v8,Nerve_Tibial,UBERON:0001323,chr16,ENSG00000261095.1,-0.225498
rs4843549,87204257,RS4843549,chr16_87204257_G_A_b38,RP11-899L11.3,7.08313e-12,RP11-899L11.3,gtex_v8,Testis,UBERON:0000473,chr16,ENSG00000261651.1,0.333562
rs4843554,87198777,RS4843554,chr16_87198777_C_T_b38,RP11-899L11.1,2.00281e-06,RP11-899L11.1,gtex_v8,Nerve_Tibial,UBERON:0001323,chr16,ENSG00000261095.1,-0.244254
rs4843554,87198777,RS4843554,chr16_87198777_C_T_b38,RP11-899L11.3,7.64466e-12,RP11-899L11.3,gtex_v8,Testis,UBERON:0000473,chr16,ENSG00000261651.1,0.326163
rs35408318,87211051,RS35408318,chr16_87211051_A_G_b38,RP11-899L11.1,1.69364e-06,RP11-899L11.1,gtex_v8,Nerve_Tibial,UBERON:0001323,chr16,ENSG00000261095.1,-0.249987
rs35408318,87211051,RS35408318,chr16_87211051_A_G_b38,RP11-899L11.3,1.88747e-14,RP11-899L11.3,gtex_v8,Testis,UBERON:0000473,chr16,ENSG00000261651.1,0.36328
rs6540017,87196782,RS6540017,chr16_87196782_C_A_b38,RP11-899L11.3,6.2032e-11,RP11-899L11.3,gtex_v8,Testis,UBERON:0000473,chr16,ENSG00000261651.1,0.325853
rs11640181,87224482,RS11640181,chr16_87224482_A_G_b38,RP11-899L11.1,2.44496e-06,RP11-899L11.1,gtex_v8,Nerve_Tibial,UBERON:0001323,chr16,ENSG00000261095.1,-0.249412
rs11640181,87224482,RS11640181,chr16_87224482_A_G_b38,RP11-899L11.3,3.56809e-14,RP11-899L11.3,gtex_v8,Testis,UBERON:0000473,chr16,ENSG00000261651.1,0.370979
rs12921714,87193111,RS12921714,chr16_87193111_A_C_b38,RP11-899L11.3,5.43024e-11,RP11-899L11.3,gtex_v8,Testis,UBERON:0000473,chr16,ENSG00000261651.1,0.329321
rs6540016,87195829,RS6540016,chr16_87195829_C_T_b38,RP11-899L11.3,6.2032e-11,RP11-899L11.3,gtex_v8,Testis,UBERON:0000473,chr16,ENSG00000261651.1,0.325853
rs9308342,87191249,RS9308342,chr16_87191249_T_C_b38,RP11-899L11.3,4.37973e-11,RP11-899L11.3,gtex_v8,Testis,UBERON:0000473,chr16,ENSG00000261651.1,0.327664
rs7185688,87196133,RS7185688,chr16_87196133_A_G_b38,RP11-899L11.3,6.2032e-11,RP11-899L11.3,gtex_v8,Testis,UBERON:0000473,chr16,ENSG00000261651.1,0.325853
rs4240791,87202310,RS4240791,chr16_87202310_G_A_b38,RP11-899L11.1,1.86724e-05,RP11-899L11.1,gtex_v8,Nerve_Tibial,UBERON:0001323,chr16,ENSG00000261095.1,-0.232878
rs4240791,87202310,RS4240791,chr16_87202310_G_A_b38,RP11-899L11.3,3.46181e-11,RP11-899L11.3,gtex_v8,Testis,UBERON:0000473,chr16,ENSG00000261651.1,0.333384
rs7203251,87195712,RS7203251,chr16_87195712_A_G_b38,RP11-899L11.3,6.2032e-11,RP11-899L11.3,gtex_v8,Testis,UBERON:0000473,chr16,ENSG00000261651.1,0.325853
rs4240789,87202406,RS4240789,chr16_87202406_T_G_b38,RP11-899L11.3,2.48778e-10,RP11-899L11.3,gtex_v8,Testis,UBERON:0000473,chr16,ENSG00000261651.1,0.334013
rs11860417,87196931,RS11860417,chr16_87196931_T_C_b38,RP11-899L11.3,7.9268e-09,RP11-899L11.3,gtex_v8,Testis,UBERON:0000473,chr16,ENSG00000261651.1,-0.314046
rs4843556,87194558,RS4843556,chr16_87194558_G_A_b38,RP11-899L11.3,5.30468e-11,RP11-899L11.3,gtex_v8,Testis,UBERON:0000473,chr16,ENSG00000261651.1,0.327011
rs4240790,87202360,RS4240790,chr16_87202360_A_G_b38,RP11-899L11.3,2.67164e-11,RP11-899L11.3,gtex_v8,Testis,UBERON:0000473,chr16,ENSG00000261651.1,0.339453
rs4240792,87202261,RS4240792,chr16_87202261_G_A_b38,RP11-899L11.3,7.24353e-12,RP11-899L11.3,gtex_v8,Testis,UBERON:0000473,chr16,ENSG00000261651.1,0.35714
